{"cameraMode":{"drawMode":0,"name":"Shaded","section":"Shading Mode"},"sceneLighting":true,"audioPlay":false,"sceneViewState":{"m_AlwaysRefresh":false,"showFog":true,"showSkybox":true,"showFlares":true,"showImageEffects":true,"showParticleSystems":true,"showVisualEffectGraphs":true,"m_FxEnabled":true},"in2DMode":false,"pivot":{"x":40.453399658203128,"y":12.190505981445313,"z":47.53607940673828},"rotation":{"x":0.3073665499687195,"y":-0.0516522191464901,"z":0.01671144925057888,"w":0.9500495195388794},"size":58.168663024902347,"orthographic":false}