{"cameraMode":{"drawMode":0,"name":"Shaded","section":"Shading Mode"},"sceneLighting":true,"audioPlay":false,"sceneViewState":{"m_AlwaysRefresh":false,"showFog":true,"showSkybox":true,"showFlares":true,"showImageEffects":true,"showParticleSystems":true,"showVisualEffectGraphs":true,"m_FxEnabled":true},"in2DMode":false,"pivot":{"x":27.121658325195314,"y":61.689544677734378,"z":50.72850036621094},"rotation":{"x":-0.2611422538757324,"y":0.12210258841514588,"z":-0.033319540321826938,"w":-0.9569680094718933},"size":15.246528625488282,"orthographic":false}