{"cameraMode":{"drawMode":0,"name":"Shaded","section":"Shading Mode"},"sceneLighting":true,"audioPlay":false,"sceneViewState":{"m_AlwaysRefresh":false,"showFog":true,"showSkybox":true,"showFlares":true,"showImageEffects":true,"showParticleSystems":true,"showVisualEffectGraphs":true,"m_FxEnabled":true},"in2DMode":false,"pivot":{"x":181.08065795898438,"y":18.952495574951173,"z":-452.3942565917969},"rotation":{"x":0.29201841354370119,"y":0.13428230583667756,"z":-0.041449423879384997,"w":0.9460332989692688},"size":25.073740005493165,"orthographic":false}