{"cameraMode":{"drawMode":0,"name":"Shaded","section":"Shading Mode"},"sceneLighting":false,"audioPlay":false,"sceneViewState":{"m_AlwaysRefresh":false,"showFog":true,"showSkybox":false,"showFlares":true,"showImageEffects":true,"showParticleSystems":true,"showVisualEffectGraphs":true,"m_FxEnabled":true},"in2DMode":false,"pivot":{"x":-3.441890239715576,"y":1.11472749710083,"z":3.0019164085388185},"rotation":{"x":-0.027025653049349786,"y":-0.14285919070243836,"z":0.0039025750011205675,"w":-0.9893680214881897},"size":1.4576725959777833,"orthographic":false}