{"cameraMode":{"drawMode":0,"name":"Shaded","section":"Shading Mode"},"sceneLighting":false,"audioPlay":false,"sceneViewState":{"m_AlwaysRefresh":false,"showFog":true,"showSkybox":false,"showFlares":true,"showImageEffects":true,"showParticleSystems":true,"showVisualEffectGraphs":true,"m_FxEnabled":true},"in2DMode":false,"pivot":{"x":0.7480631470680237,"y":1.1175737380981446,"z":3.337031126022339},"rotation":{"x":-0.027025653049349786,"y":-0.14285919070243836,"z":0.0039025750011205675,"w":-0.9893680214881897},"size":1.4670302867889405,"orthographic":false}